1792 12YR SINGLE BARREL, 52.95
1792 FULL PROOF BOURBON BARREL SELECT (PSB), 49.95
1792 FULL PROOF KENTUKY STRAIGHT BOURBON, 47.95
1792 KENTUCKY STRAIGHT BOTTLED IN BOND (BIB), 41.95
1792 KENTUCKY STRAIGHT BOTTLED IN BOND (BIB)(PSB), 43.95
1792 SINGLE BARREL, 47.95
1792 SINGLE BARREL (PSB), 49.95
1792 SMALL BATCH, 33.95
1792 SMALL BATCH BARREL SELECT (PSB), 35.95
1792 SWEET WHEAT, 41.95
21 SEEDS CUCUMBER JALAPENO, 34.95
21 SEEDS GRAPEFRUIT HIBISCUS, 34.95
2XO AMERICAN OAK BOURBON, 49.95
ADICTIVO WHISKEY, 73.95
ALTO DEL CARMEN PISCO RESERVADO, 18.95
ANCIENT AGE BOURBON, 11.95
ANGEL'S ENVY CASK STRENGTH BOURBON, 249.95
ANGEL'S ENVY FINISHED RYE, 91.95
ANGEL'S ENVY KENTUCKY STRAIGHT BOURBON, 51.95
ANGEL'S ENVY SINGLE BARREL (PSB), 99.95
APPLETON ESTATE SIGNATURE BLEND RUM, 23.95
ARROW KIRSCH, 14.95
ASBACH URALT GERMAN, 30.45
BAKER'S 7YR BOURBON, 64.95
BAKER'S SINGLE BARREL HIGH RYE BOURBON, 74.95
BALCONES BABY BLUE CORN WHISKEY, 40.45
BALCONES BRIMSTONE CORN WHISKEY, 50.45
BALCONES LINEAGE SINGLE MALT WHISKY, 39.45
BALCONES TEXAS POT STILL BOURBON, 34.95
BALLOTIN WHISKEY CARAMEL TURTLE, 24.95
BALVENIE 12YR DOUBLE WOOD SINGLE MALT, 74.95
BALVENIE 12YR SINGLE BARREL, 89.95
BALVENIE 12YR STORIES AMERICAN OAK, 78.95
BALVENIE 14YR CARIBBEAN CASK, 89.95
BALVENIE 14YR STORIES CURIOUS CASKS, 109.95
BALVENIE 16YR FRENCH OAK SINGLE MALT, 179.95
BALVENIE 21YR PORT WOOD SINGLE MALT, 359.95
BARDENAY HOUSE CASSIS LIQUOR (LOCAL - ID), 6.95
BARDENAY HOUSE RUM (LOCAL - ID), 6.95
BARDENAY HOUSE RUM (LOCAL - ID), 6.95
BARDENAY HOUSE RYE WHISKEY (LOCAL - ID), 6.95
BARDENAY SMALL BATCH RUM (LOCAL - ID), 17.95
BARENJAGER HONEY, 28.95
BARMEN 1873 BOURBON, 39.95
BARRELL DOVETAIL, 89.95
BARRELL SEAGRASS RYE WHISKEY, 86.45
BASIL HAYDEN MALTED RYE, 54.95
BASIL HAYDEN SUBTLE SMOKE, 59.95
BASIL HAYDEN TOAST, 54.95
BASIL HAYDEN'S 10YR KENTUCKY STRAIGHT BOURBON, 84.95
BASIL HAYDEN'S 8YR BOURBON, 42.95
BASIL HAYDEN'S DARK RYE, 42.95
BEACH ISLAND COCONUT WHISKEY, 21.45
BECHEROVKA, 23.95
BEEFEATER 24, 25.95
BEN HOLLADAY 6YR 1856 BOURBON (BIB), 59.95
BENCHMARK BONDED, 19.95
BENCHMARK BOURBON NO. 8, 14.95
BENCHMARK SINGLE BARREL, 24.95
BENCHMARK SMALL BATCH, 17.95
BENCHMARK TOP FLOOR, 15.95
BENEDICTINE DOM, 36.95
BENRIACH 12YR THE SMOKY, 72.95
BIB & TUCKER DOUBLE CHAR BOURBON, 49.95
BIB & TUCKER SMALL BATCH 6YR BOURBON, 54.95
BIRD DOG APPLE FLAVORED WHISKEY, 20.95
BIRD DOG BLACKBERRY FLAVORED WHISKEY, 20.95
BIRD DOG CHOCOLATE FLAVORED WHISKEY, 20.95
BIRD DOG PEACH FLAVORED WHISKEY, 20.95
BIRD DOG S'MORES FLAVORED WHISKEY, 20.95
BIRD DOG SALTED CARAMEL FLAVORED WHISKEY, 20.95
BIRD DOG STRAWBERRY FLAVORED WHISKEY, 20.95
BLACK BUTTE WHISKEY 5YR, 59.95
BLACK ROCK HIKE BOURBON WHISKEY (LOCAL - ID), 38.95
BLACK ROCK STARS RYE BOURBON WHISKEY (LOCAL - ID), 44.95
BLACK ROCK WOODS BOURBON WHISKEY (LOCAL - ID), 42.95
BLACK SADDLE 12YR BOURBON WHISKEY, 47.45
BLACK VELVET APPLE, 11.95
BLACK VELVET PEACH, 11.95
BLACK VELVET RESERVE, 14.95
BLACK VELVET TOASTED CARAMEL, 11.95
BLACKENED CASK STRENGTH WHISKEY VOLUME 1, 69.95
BLACKENED RYE THE LIGHTNING 2024 EDITION, 69.95
BLACKENED WHISKEY, 49.95
BLACKENED WHISKEY 72 SEASONS, 49.95
BLACKENED X RABBIT HOLE WHISKEY, 149.95
BLACKTOOTH AMERICAN BLENDED RYE WHISKEY (LOCAL - ID), 33.95
BLACKTOOTH AMERICAN RYE WHISKEY (LOCAL - ID), 69.95
BLADE AND BOW BOURBON, 49.95
BLANTON BOURBON BARREL SELECT (PSB), 81.95
BLANTON BOURBON SINGLE BARREL, 74.95
BLANTON GOLD, 144.95
BLANTON GOLD BARREL SELECT (PSB), 146.95
BLANTON STRAIGHT FROM THE BARREL BOURBON, 175.95
BLOOD OATH PACT 10, 129.95
BOLS GENEVER, 33.45
BOMBERGER'S DECLARATION KENTUCKY STRAIGHT, 109.95
BOOKER'S BOURBON, 89.95
BRECKENRIDGE BLEND OF STRAIGHT BOURBON, 39.95
BROKEN TOP BACKCOUNTRY BOURBON, 31.95
BROKER'S RESERVE BLEND, 8.95
BROTHERS BOND STRAIGHT BOURBON WHISKEY, 41.95
BROVO SPIRITS LUCKY FALERNUM, 32.95
BROVO UNCHARTED RHAPSODY HERBAL LIQUOR, 50.45
BROWNE FAMILY SPIRITS RYE WHISKEY, 44.95
BROWNE FAMILY SPIRITS STRAIGHT BOURBON, 39.95
BROWNE FAMILY SPIRITS VANILLA BEAN WHISKEY, 39.95
BRUCATO AMARO CHAPARRAL, 38.45
BRUGAL 1888 DOBLEMENTE ANEJADO RUM, 44.95
BRUTO AMERICANO, 33.45
BSB 70 PROOF BROWN SUGAR BOURBON, 24.95
BUFFALO TRACE KENTUCKY STRAIGHT BOURBON, 26.95
BUFFALO TRACE KENTUCKY STRAIGHT BOURBON BARREL, 28.95
BULL RUN AMERICAN PINOT FINISH WHISKEY (PSB), 53.45
BULLEIT 10YR BOURBON WHISKEY, 49.95
BULLEIT 95 RYE, 30.95
BULLEIT 95 RYE 10YR, 49.95
BULLEIT BOURBON BARREL STRENGTH BATCH 3 (RWR), 59.95
BULLEIT BOURBON FRONTIER WHISKEY, 30.95
BULLEIT BOURBON FRONTIER WHISKEY W/CERAMIC MUG, 30.95
BULLEIT BOURBON SINGLE BARREL (PSB), 59.95
BULLEIT SINGLE MALT FRONTIER WHISKEY, 59.95
BUMBU CREME, 37.95
BUMBU XO PANAMA RUM, 42.95
CALUMET FARM 10YR BOURBON, 79.95
CALUMET FARM 15YR BOURBON, 139.95
CALUMET FARM 16 YR BOURBON, 159.95
CALUMET FARM SMALL BATCH BOURBON, 69.95
CANTERA NEGRA CAFE, 29.95
CARDAMARO VINO AMARO, 27.95
CARIBOU CROSSING SINGLE BARREL, 49.95
CASTILLO WHITE RUM, 9.95
CENTERFIRE DRUNKEN BEAN (LOCAL - ID), 29.95
CHICKEN COCK KENTUCKY STRAIGHT BOURBON, 55.95
CHILA ORCHATA CINNAMON CREAM, 16.95
CLEARWATER SCANDALUST CINNAMON WHISKEY, 29.95
CLYDE MAY'S SPECIAL RESERVE STRAIGHT BOURBON 6YR, 59.95
CLYDE MAY'S STRAIGHT BOURBON WHISKEY, 34.95
COCONUT CARTEL, 36.95
COLOMBO MARSALA DRY, 14.45
COLOMBO MARSALA SWEET, 14.45
CORRALEJO BLANCO, 29.95
CORSAIR SINGLE BARREL TRIPLE SMOKE WHISKEY, 45.45
CRATER LAKE ROCK AND RYE (REGIONAL - OR), 17.95
CREEK WATER AMERICAN WHISKEY, 24.95
DALWHINNIE DISTILLERS EDITION, 94.95
DARK ARTS WHISKEY HOUSE, 104.95
DEADHEAD 6YR PREMIUM CASK AGED RUM, 41.45
DEADHEAD DARK CHOCOLATE RUM, 45.95
DEL MAGUEY VIDA DE MUERTOS, 47.95
DENIZEN MERCHANT'S RESERVE 8YR RHUM, 35.45
DESERT ISLAND ICE TEA PRE-MIX, 7.45
DICTADOR 20YR AGED RUM, 59.95
DOC HOLLIDAY 7YR BOURBON, 99.95
DOLIN GENEPY LES CHAMOIS, 32.95
DOUBLE EAGLE VERY RARE, 2999.95
DREAM SPIRITS SINGLE BARREL CASK STRENGTH (PSB), 139.95
DRY FLY CASK AND RELEASE WHISKEY (REGIONAL - WA), 45.95
DRY FLY PORT FINISHED WHEAT WHISKEY (REGIONAL - WA), 39.95
DRY FLY STRAIGHT BOURBON 101 (REGIONAL - WA), 39.95
DRY FLY STRAIGHT TRITICALE WHISKEY (REGIONAL - WA), 39.95
DRY FLY WHEAT WHISKEY (REGIONAL - WA), 39.95
DRY SACK MEDIUM SHERRY, 18.95
DRY SACK SWEET OLD OLOROSO SOLERA ESPECIAL, 28.45
E.H. TAYLOR FOUR GRAIN, 79.95
E.H. TAYLOR JR SINGLE BARREL BARREL SELECT (PSB), 71.95
E.H. TAYLOR JR. BARREL PROOF, 78.95
E.H. TAYLOR JR. SINGLE BARREL, 78.95
E.H. TAYLOR SMALL BATCH BOURBON, 49.95
E.H. TAYLOR STRAIGHT RYE WHISKEY, 73.95
EAGLE RARE 10YR SINGEL BARREL BOURBON BARREL, 44.95
EAGLE RARE 10YR SINGLE BARREL BOURBON, 40.95
EAGLE RARE 17YR KENTUCKY STRAIGHT BOURBON, 149.95
EAGLE RARE 25YR KENTUCKY STRAIGHT BORUBON, 9999.95
EARLY TIMES KENTUCKY WHISKY, 11.45
EASY RIDER BOURBON (REGIONAL - OR), 24.95
EFFEN BLOOD ORANGE, 24.95
EL TEQUILENO BLANCO, 23.95
ELIJAH CRAIG 1789 RYE TOASTED BARREL, 59.95
ELIJAH CRAIG 18YR SINGLE BARREL, 169.95
ELIJAH CRAIG BARREL PROOF (PSB), 84.95
ELIJAH CRAIG BARREL PROOF BOURBON, 79.95
ELIJAH CRAIG SMALL BATCH, 34.95
ELIJAH CRAIG SMALL BATCH (PSB), 38.95
ELIJAH CRAIG SMALL BATCH 2024 PGA CHAMPIONSHIP, 36.95
ELIJAH CRAIG SMALL BATCH W/OLD FASHIONED SYRUP &, 34.95
ELIJAH CRAIG STRAIGHT RYE WHISKEY, 29.95
ELIJAH CRAIG TOASTED BARREL, 59.95
ELIJAH CRAIG TOASTED BARREL RYDER CUP, 99.95
ELMER T LEE SINGLE BARREL BOURBON, 49.95
EVAN WILLIAMS 1783, 24.95
EVAN WILLIAMS BLACK LABEL, 16.95
EVAN WILLIAMS BLACK LABEL (TRAVELER), 16.95
EVAN WILLIAMS BOTTLED IN BOND WHITE LABEL (BIB), 19.95
EVAN WILLIAMS EGG NOG (HOLIDAY), 10.95
EVAN WILLIAMS HONEY, 15.95
EVAN WILLIAMS PEPPERMINT WHITE CHOCOLATE EGG NOG, 10.95
EVAN WILLIAMS SPICED CIDER, 10.95
EVERCLEAR ALCOHOL 151, 19.95
EZRA BROOKS 99 PROOF, 22.95
EZRA BROOKS BOURBON CREAM, 22.95
EZRA BROOKS FULL PROOF (PSB), 49.95
FIGHTING COCK BOURBON, 22.95
FIORENTE ELDERFLOWER, 21.95
FIREBALL CINNAMON WHISKY, 13.95
FIREBALL CINNAMON WHISKY (TRAVELER), 13.95
FIREBALL CINNAMON WHISKY SEASONAL BAG 15-50ML, 14.95
FIVE TRAIL BLENDED AMERICAN WHISKEY, 59.95
FLECHA AZUL BLANCO, TPR
FOUR BRANCHES FOUNDERS BLEND BOURBON, 78.45
FOUR ROSES (PSB), 99.95
FOUR ROSES 2024 LIMITED EDITION SMALL BATCH, 219.95
FOUR ROSES KENTUCKY BOURBON, 26.95
FOUR ROSES SINGLE BARREL, 49.95
FOUR ROSES SMALL BATCH KENTUCKY BOURBON, 36.95
GENTLEMAN JACK TENNESSEE WHISKEY, 30.95
GENTLEMAN JACK TENNESSEE WHISKEY W/SOUR MIX, 30.95
GEORGE DICKEL #12 TENNESSEE WHISKY, 22.95
GEORGE DICKEL #8 TENNESSEE WHISKY, 21.95
GEORGE DICKEL 12YR SPIRNG 2011 BOTTLED IN BOND (BIB), 49.95
GEORGE DICKEL 15YR SINGLE BARREL (PSB), 69.95
GEORGE DICKEL 8YR BOURBON, 32.95
GEORGE DICKEL 9YR SINGLE BARREL (PSB), 54.95
GEORGE DICKEL BARREL SELECT, 43.95
GEORGE DICKEL RYE, 22.95
GEORGE T STAGG (ANTIQUE), 149.95
GIFFARD BANANE D7 BRESIL, 35.45
GIFFARD CASSIS NOIR DE BOURGOGNE, 35.45
GIFFARD CREME DE CACAO BLANC, 28.45
GIFFARD CREME DE MURE, 27.45
GIFFARD CREME DE PAMPLEMOUSSE ROSE, 28.45
GIFFARD CREME DE PECHE DE VIGNE, 28.45
GIFFARD CREME DE VIOLETTE, 28.45
GIFFARD LICHI-LI, 28.45
GIRVAN 25YR PATENT STILL SINGLE GRAIN, 399.95
GLACIER 45 BOURBON WHISKEY (REGIONAL - OR), 34.95
GLACIER 45 MANDARIN ORANGE BOURBON (REGIONAL - OR), 34.95
GLEN GARIOCH FOUNDER'S RESERVE SINGLE MALT, 59.95
GLENDRONACH PORTWOOD, 94.95
GRAN CAVA DE ORO PLATA, 50.45
GRAN CORAMINO CRISTALINO, 49.95
GRAND TETON CATAMOUNT STRAIGHT BOURBON WHISKEY, 39.95
GRAND TETON COLTER'S RUN BOURBON (LOCAL - ID), 34.95
GRAND TETON GAMEKEEPER WHISKEY(LOCAL - ID), 39.95
GRAND TETON MALT WHISKEY (LOCAL - ID), 34.95
GRAND TETON PRIVATE STOCK - CORN WHISKEY (LOCAL - ID), 79.95
GRAND TETON PRIVATE STOCK 7YR AMERICAN SINGLE, 79.95
GRAND TETON PRIVATE STOCK BOURBON WHISKEY (LOCAL -, 79.95
GREENBAR POPPY AMARO, 36.95
GRIND ESPRESSO SHOT, 14.95
HANCOCKS RESERVE SINGLE BARREL SOUR MASH, 49.95
HARVEYS BRISTOL CREAM SHERRY, 15.95
HEADFRAME NEVERSWEAT BOURBON WHISKEY (REGIONAL -, 34.95
HEADFRAME SNOWDRIFT SWEET CREAM SEASONAL, 29.95
HEADFRAME THE KELLEY SINGLE MALT (REGIONAL - MT), 44.95
HEAVEN HILL BOTTLED IN BOND BOURBON (BIB), 49.95
HEAVEN HILL BOTTLED IN BOND W/GLENCAIRN GLASS, 49.95
HEAVEN HILL HERITAGE COLLECTION 18YR, 299.95
HEAVEN'S DOOR DOUBLE BARREL REVELATION WHISKEY, 49.95
HEAVEN'S DOOR STRAIGHT BOURBON REVIVAL WHISKEY, 49.95
HEAVEN'S DOOR STRAIGHT RYE WHISKEY, 79.95
HELL CAT MAGGIE, 23.95
HENDRICK'S MID SUMMER SOLSTICE, 39.95
HENRY MCKENNA SINGLE BARREL BOTTLED IN BOND (BIB), 64.95
HENRY MCKENNA SOUR MASH BOURBON, 14.95
HERRADURA SILVER W/RECYCLED GLASSES, 46.95
HIGH WEST A MIDWINTER NIGHTS DRAM RYE (REGIONAL - UT), 149.95
HIGH WEST AMERICAN PRAIRIE BOURBON (REGIONAL - UT), 39.95
HIGH WEST CAMPFIRE WHISKEY (REGIONAL - UT), 74.95
HIGH WEST CASK STRENGTH BOURBON (PSB), 69.95
HIGH WEST DOUBLE RYE (REGIONAL - UT), 39.95
HIGH WEST HIGH COUNTRY AMERICAN SINGLE MALT, 79.95
HIGH WEST RENDEZVOUS RYE (REGIONAL - UT), 74.95
HIGH WEST STRAIGHT RYE BOTTLED IN BOND (BIB), 79.95
HIGH WEST THE PRISONER'S SHARE BLENDED WHISKEY, 179.95
HIGHLAND PARK 12YR VIKING HONOUR, 59.95
HIGHLAND PARK 18YR SINGLE MALT, 174.95
HIGHLAND PARK 21YR SINGLE MALT, 374.95
HIGHLAND PARK CASK STRENGTH, 99.95
HOBBLE CREEK BLEND, 9.95
HOCHSTADTER'S SLOW AND LOW, 25.95
HORSE SOLDIER BARREL STRENGTH, 89.95
HORSE SOLDIER SMALL BATCH, 59.95
HORSE SOLDIER STRAIGHT BOURBON, 44.95
HOWLER HEAD BANANA WHISKEY, 29.95
I.W HARPER CABERNET CASK RESERVE STRAIGHT BOURBON, 49.95
INDRI SINGLE MALT INDIAN WHISKY, 57.95
JACK DANIEL'S BLACK LABEL TENNESSEE WHISKEY, 25.95
JACK DANIEL'S BLACK LABEL W/HOLIDAY COLLINS GLASS, 25.95
JACK DANIEL'S BLACK LABEL W/ROCKS GLASSES, 25.95
JACK DANIEL'S JACK DANIEL'S SB RYE PRIVATE COLLECTION, 49.95
JACK DANIEL'S SB BARREL PROOF PERSONAL COLLECTION, 49.95
JACK DANIEL'S SB RYE BARREL PROOF PERSONAL, 64.95
JACK DANIEL'S SINGLE BARREL (PSB), 49.95
JACK DANIEL'S SINGLE BARREL 100 PROOF, 64.95
JACK DANIEL'S SINGLE BARREL RYE BARREL PROOF, 64.95
JACK DANIEL'S SINGLE BARREL SELECT, 49.95
JACK DANIEL'S SINGLE BARREL W/SNIFTER GLASS, 49.95
JACK DANIEL'S TENNESSEE APPLE, 23.95
JACK DANIEL'S TENNESSEE APPLE W/COLLINS GLASS, 23.95
JACK DANIEL'S TENNESSEE FIRE, 23.95
JACK DANIEL'S TENNESSEE FIRE W/SHOT GLASSES, 23.95
JACK DANIEL'S TENNESSEE HONEY, 23.95
JACK DANIEL'S TENNESSEE HONEY W/ROCK GLASSES, 23.95
JACK DANIEL'S WINTER JACK TENNESSEE CIDER (HOLIDAY), 19.95
JAMES E. PEPPER 1776 RYE WHISKEY, 34.95
JAMES E. PEPPER 1776 STRAIGHT BOURBON, 34.95
JEFFERSON'S BOURBON, 39.95
JEFFERSON'S OCEAN AGED AT SEA BOURBON, 79.95
JEFFERSON'S OCEAN AGED AT SEA CASK STRENGTH, 104.95
JEFFERSON'S OCEAN DOUBLE BARREL RYE, 79.95
JEFFERSON'S RESERVE BOURBON, 54.95
JEFFERSON'S TROPICS AGED IN HUMIDITY BOURBON, 84.95
JIM BEAM APPLE, 19.95
JIM BEAM BLACK BOURBON, 22.95
JIM BEAM BLACK BOURBON W/ROCKS GLASSES, 22.95
JIM BEAM BOURBON, 19.95
JIM BEAM BOURBON (TRAVELER), 19.95
JIM BEAM BOURBON CREAM, 18.95
JIM BEAM BOURBON W/HIGHBALL GLASS, 19.95
JIM BEAM DEVIL'S CUT, 24.95
JIM BEAM DOUBLE OAK BOURBON, 24.95
JIM BEAM HONEY, 19.95
JIM BEAM KENTUCKY FIRE, 19.95
JIM BEAM PEACH, 19.95
JIM BEAM RED STAG BLACK CHERRY FLAVORED BOURBON, 19.95
JIM BEAM STRAIGHT RYE WHISKEY, 19.95
JIM BEAM SUNSHINE BLEND BOURBON, 19.95
JIM BEAM VANILLA, 19.95
JIM BEAM WINTER RESERVE (HOLIDAY), 26.95
JOHN J BOWMAN SINGLE BARREL (PSB), 49.95
JOSEPH MAGNUS CIGAR BLEND BOURBON, 199.95
JOSEPH MAGNUS STRAIGHT BOURBON WHISKEY, 99.95
JP WISER'S SIGNATURE SERIES (PSB), 39.95
JW DANT BOND BOURBON, 19.95
KAHLUA COFFEE W/COFFEE MUG (HOLIDAY), 27.95
KAIYO 5 WOOD WHISKY, 39.95
KAIYO WHISKY, 64.95
KAIYO WHISKY PX THE SHERI, 169.95
KAIYO WHISKY SINGLE BARREL CASK (PSB), 94.95
KAIYO WHISKY THE KURI, 89.95
KAIYO WHISKY THE SINGLE 7YR, 54.95
KAPALI LICOR DE CAFE, 10.45
KENTUCKY COFFEE WHISKEY, 19.95
KENTUCKY OWL BOURBON BATCH #13, 299.95
KENTUCKY OWL MAIGHSTIR EDITION, 149.95
KILCHOMAN MACHIR BAY, 73.45
KILCHOMAN SANAIG, 83.95
KINKY ALOHA, 17.95
KIRK & SWEENEY GRAN RESERVA SUPERIOR, 55.95
KIRK & SWEENEY RESERVA RUM, 35.95
KNOB CREEK 10YR RYE, 69.95
KNOB CREEK 12YR BOURBON, 69.95
KNOB CREEK 18YR BOURBON, 169.95
KNOB CREEK 7YR RYE, 38.95
KNOB CREEK 7YR RYE (PSB), 61.95
KNOB CREEK 9YR BOURBON, 38.95
KNOB CREEK 9YR BOURBON (PSB), 64.95
KNOB CREEK 9YR LONGHORN LABEL, 39.95
KNOB CREEK SINGLE BARREL RESERVE, 64.95
KNOB CREEK SMOKED MAPLE, 38.95
KROGSTAD FESTLIG AQUAVIT, 24.95
KULA ORGANIC RUM, 24.95
KULEANA RUM WORKS HUIHUI WHITE RUM, 39.95
KURVBALL BARBECUE WHISKEY, 24.95
LADYBURN 42YR, 1999.95
LAIRD'S APPLEJACK, 21.95
LARCENY, 26.95
LARCENY BARREL PROOF, 69.95
LARCENY SMALL BATCH PRIVATE BARREL (PSB), 34.95
LARCENY W/LEATHER WRAPPED ROCKS GLASS, 26.95
LAWS WHISKEY HOUSE FOUR GRAIN SBW, 60.45
LEBLON CACHACA RUM, 21.95
LEGENT YAMAZAKI CASK FINISH, 224.95
LEMON HART 151 PROOF DEMERARA RUM, 42.95
LITTLE BOOK CHAPTER 8, 159.95
LITTLE BOOK THE INFINITE, 199.95
LOLO CREEK HUCKED HUCKLEBERRY BOURBON WHISKEY, 39.95
LOLO CREEK PEACHED PEACH BOURBON WHISKEY, 40.95
LOMBARDO MARSALA AMBRA DRY, 9.95
LUX ROW FOUR GRAIN DOUBLE BARREL, 79.95
LUXARDO BIANCO BITTER, 26.95
LYSHOLM LINIE AQUAVIT, 30.45
MAESTRO DOBEL CRISTALINO 50, 144.95
MAESTRO DOBEL DIAMANTE BARREL #6 (PSB), 54.95
MAESTRO DOBEL DIAMANTE FINISH 1 (PSB), 53.95
MAESTRO DOBEL PAVITO, 59.95
MAKER'S MARK (PSB), 69.95
MAKER'S MARK 101 BOURBON, 39.95
MAKER'S MARK 46, 39.95
MAKER'S MARK 46 CASK STRENGTH, 64.95
MAKER'S MARK BOURBON, 31.95
MAKER'S MARK BOURBON W/FLASK, 31.95
MAKER'S MARK BOURBON W/GLASSES, 31.95
MAKER'S MARK CASK STRENGTH, 49.95
MAKER'S MARK CELLAR AGED STRAIGHT BOURBON, 199.95
MAKER'S MARK WOOD FINISH SERIES 23 BEP, 69.95
MAKER'S MARK WOOD FINISHING HEART RELEASE 2024, 74.95
MARASKA KOSHER SLIVOVITZ, 25.95
MARIE BRIZARD CREME DE CACAO WHITE, 22.95
MARIE BRIZARD CREME DE CASSIS DE DIJON, 22.95
MARIE BRIZARD PARFAIT AMOUR, 22.95
MARIE BRIZARD YUZU, 22.95
MARTELL VS SINGLE DISTILLERY, 39.95
MELLOW CORN, 18.95
MICHTER'S 10YR BOURBON, 164.95
MICHTER'S 10YR RYE WHISKEY, 199.95
MICHTER'S 20YR BOURBON, 1149.95
MICHTER'S 25YR BOURBON, 1499.95
MICHTER'S BARREL STRENGTH RYE, 119.95
MICHTER'S BARREL STRENGTH TOASTED RYE WHISKEY, 119.95
MICHTER'S US 1 AMERICAN WHISKEY, 47.95
MICHTER'S US 1 BOURBON, 47.95
MICHTER'S US 1 RYE SINGLE BARREL WHISKEY, 47.95
MICHTER'S US 1 SOUR MASH, 47.95
MICHTER'S US 1 TOASTED BARREL BOURBON WHISKEY, 109.95
MIDLETON BARRY CROCKETT LEGACY, 349.95
MIDNIGHT MOON APPLE PIE, 23.95
MIDNIGHT MOON BLACKBERRY, 23.95
MIDNIGHT MOON WATERMELON, 23.95
MILL TOWN FARMER'S STRAIGHT RYE WHISKEY (LOCAL - ID), 34.95
MINOR CASE 6YR SINGLE BARREL RYE WHISKEY (PSB), 59.95
MINOR CASE STRAIGHT RYE WHISKEY, 36.95
MIQUEL TORRES EL GOBERNADOR PISCO, 32.95
MISTER SAM TRIBUTE WHISKY, 249.95
MOCAMBO 20YR RUM, 48.45
MONARCH GOLD 151 RUM, 19.95
MONARCH PLATA WHITE RUM, 8.95
MONKEY SHOULDER, 35.95
MONTENEGRO AMARO, 39.95
MOUNT GAY ECLIPSE BARBADOS RUM, 22.95
MOZART CHOCOLATE CREAM W/2-50ML (DARK/WHITE, 29.95
MURRAY HILL CLUB BOURBON WHISKEY BLEND, 119.95
MYER'S DARK JAMAICAN RUM (GLASS), 18.95
NELSON'S GREEN BRIER HAND MADE SOUR MASH, 34.95
NIKKA COFFEY GRAIN WHISKY, 74.95
NIKKA WHISKY FROM THE BARREL, 74.95
NIXTA LICOR DE ELOTE CORN WHISKEY, 34.45
NOAH'S MILL BOURBON, 66.45
NOBLE OAK DOUBLE OAK BOURBON, 28.95
NOBLE OAK DOUBLE OAK RYE, 29.95
NONINO QUINTESSENTIA AMARO, 54.95
NOVO FOGO CACHACA ORGANICA SILVER BRAZIL, 29.95
OBAN DISTILLERS EDITION, 99.95
OKTOPUS SYRAH 2020, 24.45
OLD CROW BOURBON, 10.95
OLD CROW BOURBON (TRAVELER), 10.95
OLD ELK BLENDED STRAIGHT BOURBON WHISKEY, 39.95
OLD EZRA 7YR BOURBON BARREL STRENGTH, 79.95
OLD EZRA 7YR STRAIGHT RYE FULL PROOF, 79.95
OLD FITZGERALD 10YR SPRING 24 DECANTER BOTTLED IN, 139.95
OLD FITZGERALD 11YR FALL 24 DECANTER BOTTLES IN BOND, 154.95
OLD FITZGERALD 8YR FALL 23 DECANTER BOTTLED IN BOND, 109.95
OLD FORESTER 1910 KENTUCKY STRAIGHT BOURBON, 54.95
OLD FORESTER 1920 PROHIBITION STYLE, 59.95
OLD FORESTER 1924 10YR KENTUCKY STRAIGHT BOURBON, 114.95
OLD FORESTER BIRTHDAY BOURBON, 199.95
OLD FORESTER BOURBON 100 PROOF, 26.95
OLD FORESTER BOURBON 86 PROOF, 24.95
OLD FORESTER SB 100 (PSB), 64.95
OLD FORESTER SB BARREL PROOF (PSB), 89.95
OLD FORESTER STATESMAN KENTUCKY STRAIGHT BOURBON, 54.95
OLD FORESTER STRAIGHT RYE WHISKY, 26.95
OLD GRAND DAD 100 PROOF BOURBON, 23.95
OLD GRAND DAD BOURBON, 18.95
OLD OVERHOLT 4YR RYE WHISKEY, 17.95
OLD OVERHOLT STRAIGHT RYE 114 PROOF, 32.95
OLD PEPPER SINGLE MALT SMALL BATCH, 54.95
OLD PEPPER STRAIGHT BOTTLED IN BOND BOURBON (BIB), 49.95
OLD RIP VAN WINKLE 10YR BOURBON (PAPPY), 129.95
OLE SMOKY MANGO HABANERO WHISKEY, 21.95
OLE SMOKY MINT CHIP CREAM WHISKEY, 21.95
OLE SMOKY SALTY CARAMEL WHISKEY, 21.95
OLE SMOKY SALTY WATERMELON WHISKEY, 21.95
OLE SMOKY WHITE CHOCOLATE STRAWBERRY CREAM, 23.95
ONE BARREL RUM, 30.95
OUZO 12, 23.95
PAOLUCCI AMARO CIOCIARO, 44.45
PAPA'S PILAR DARK RUM, 46.45
PAPA'S PILAR DARK SHERRY RUM, 50.95
PAPPY VAN WINKLE 15YR BOURBON (PAPPY), 199.95
PAPPY VAN WINKLE 20YR BOURBON (PAPPY), 319.95
PAPPY VAN WINKLE 23YR BOURBON (PAPPY), 449.95
PARKER'S HERITAGE COLLECTION #18 BARREL FINISH, 169.95
PAUL MASSON GRANDE AMBER VSOP, 15.95
PEERLESS DOUBLE OAK RYE WHISKEY, 121.45
PEERLESS DOUBLE OAK STRAIGHT BOURBON, 89.95
PEERLESS HIGH RYE MASH BOURBON, 134.95
PELOTON DE LA MUERTE ESPADIN, 29.95
PELOTON DEL LA MUERTE CRIOLLO, 39.95
PENDLETON 1910 BOURBON, 40.95
PENDLETON 20YR DIRECTORS RSV, 199.95
PENELOPE ARCHITECT STRAIGHT BOURBON, 64.95
PENELOPE BARREL STRENGTH BOURBON, 64.95
PENELOPE FOUR GRAIN STRAIGHT BOURBON, 39.95
PENELOPE SINGLE BARREL WHISKEY, 89.95
PENELOPE TOASTED SERIES BOURBON, 64.95
PIKESVILLE RYE 110 PROOF, 59.95
PIMM'S CUP, 24.45
PLANTERAY 3 STAR JAMAICA/BARBADOS/TRINID, 21.95
PLANTERAY GRAND TERROIR 5Y BARBADOS, 32.95
PLANTERAY XAYMACA SPECIAL DRY RUM, 32.95
PLANTERAY XO 20TH ANNIVERSARY, 69.95
PLATTE VALLEY CORN WHISKEY JUG, 26.95
PORTER'S APPLE FLAVORED WHISKEY (REGIONAL - UT), 17.95
PORTER'S FIRE FLAVORED WHISKEY (REGIONAL - UT), 17.95
PORTER'S HUCKLEBERRY FLAVORED WHISKEY (REGIONAL -, 17.95
PORTER'S PEANUTBUTTER FLAVORED WHISKEY (REGIONAL -, 17.95
POTTER'S SPECIAL BLEND, 8.95
PUNCHER'S CHANCE BOURBON, 29.95
PUNCHER'S CHANCE THE UNDISPUTED BOURBON, 54.95
PUSSER'S BRITISH NAVY RUM, 28.45
PYRAT PLANTERS XO RESERVE RUM, 25.95
RABBIT HOLE CAVEHILL 4 GRAIN BOURBON, 64.95
RABBIT HOLE DARERINGER, 84.95
RABBIT HOLE HEIGOLD BOURBON (PSB), 99.95
RABBIT HOLE HEIGOLD KENTUCKY BOURBON, 44.95
RAINFIRE BOURBON (LOCAL - ID), 57.95
RAINFIRE CABERNET BARREL FINISHED BOURBON (LOCAL-ID), 69.95
RAMAZZOTTI ROSATO, 24.95
REAL MINERO BARRIL, 139.95
REBEL 100 PROOF BOURBON, 21.95
REBEL 10YR SINGLE BARREL, 99.95
REBEL DISTILLERS COLLECTION (PSB), 44.95
REBEL FULL PROOF (PSB), 49.95
REDEMPTION BOURBON, 26.95
REDEMPTION RYE, 26.95
REDNECK RIVIERA WHISKEY, 21.95
REDRUM RUM, 17.95
REMUS BABE RUTH RESERVE BOURBON, 199.95
REMUS GATSBY RESERVE 15YR BOURBON, 229.95
REMUS GATSBY RESERVE 15YR BOURBON, 229.95
REMUS HIGHEST RYE 6YR BOURBON, 54.95
REMUS REPEAL RESERVE BOURBON VII, 99.95
REMUS REPEAL RESERVE STRAIGHT BOURBON VIII, 99.95
REMUS SINGLE BARREL (PSB), 59.95
REMUS STRAIGHT BOURBON WHISKEY, 39.95
REVEL STOKE CRACKBERRY BLACKBERRY FLAVORED, 17.95
REVEL STOKE ROASTED PECAN WHISKY, 16.95
RHUM BARBANCOURT THREE STAR, 23.95
RITTENHOUSE 100 PROOF RYE WHISKY, 28.95
RITTENHOUSE RYE WHISKY PRIVATE BARREL (PSB), 35.95
ROCK HILL FARMS KY STRAIGHT BOURBON, 83.95
ROGUE DEAD GUY WHISKEY (REGIONAL - OR), 49.95
RON DEL BARRILITO 3 STAR RUM, 41.95
RON ZACAPA CENTENARIO 23YR SOLERA, 49.95
ROSSVILLE UNION BARREL PROOF RYE WHISKEY, 69.95
ROTHMAN & WINTER CREME DE VIOLETTE, 25.95
ROWAN'S CREEK KENTUCKY, 51.95
SAGAMORE RYE DOUBLE OAK, 65.45
SALT FLATS BONNEVILLE BOURBON (REGIONAL - UT), 34.95
SAMBUCA DI AMORE, 16.45
SANTO PURO MEZQUILA, 60.45
SAWTOOTH RED BLEND, 12.45
SAZERAC RYE 18YR WHISKEY (ANTIQUE), 149.95
SAZERAC RYE 6YR BARREL SELECT (PSB), 32.95
SAZERAC RYE 6YR WHISKEY, 30.95
SELVAREY COCONUT RUM, 34.95
SELVAREY WHITE RUM, 34.95
SEVEN DEVILS 5YR SINGLE BARREL (PSB) (LOCAL - ID), 54.95
SEVEN DEVILS BARREL PROOF STRAIGHT BOURBON (LOCAL -, 79.95
SEVEN DEVILS CALDWELL NIGHT RODEO EDITION STRAIGHT, 39.95
SEVEN DEVILS CLUB SERIES RYE (LOCAL-ID), 49.95
SEVEN DEVILS CLUB SERIES WHISKEY (LOCAL - ID), 49.95
SEVEN DEVILS RYE WHISKEY (LOCAL - ID), 29.95
SEVEN DEVILS STRAIGHT BOURBON WHISKEY (LOCAL - ID), 29.95
SHENK'S HOMESTEAD SOUR MASH WHISKEY, 99.95
SIGNAL HILL FOUNDERS SELECT OVERPROOF, 59.95
SINFIRE CINNAMON FLAVORED WHISKY (REGIONAL - OR), 12.95
SINFIRE CINNAMON FLAVORED WHISKY (TRAVELER), 12.95
SINFIRE VANILLA FLAVORED WHISKY (REGIONAL - OR), 12.95
SINGLETON OF GLENDULLAN SINGLE MALT WSKY, 42.95
SLIPKNOT NO.9 IOWA SMALL BATCH WHISKEY, 46.45
SMIRNOFF ZERO SUGAR INFUSION LEMON & ELDERFLOWER, 12.95
SMIRNOFF ZERO SUGAR INFUSION STRAWBERRY & ROSE, 12.95
SMIRNOFF ZERO SUGAR INFUSIONS CUCUMBER & LIME, 12.95
SMIRNOFF ZERO SUGAR INFUSIONS WATERMELON & MINT, 12.95
SMITH & CROSS LONDON TRADITIONAL JAMAICAN RUM, 33.95
SMOKE WAGON DESERT COIL FULL STRENGHT WHISKEY, 39.95
SMOKE WAGON SMALL BATCH BOURBON (REGIONAL - NV), 52.45
SMOKE WAGON STRAIGHT BOURBON (REGIONAL - NV), 29.95
SMOKE WAGON UNCUT UNFILTERED BOURBON (REGIONAL -, 70.45
SMOOTH AMBLER OLD SCOUT (PSB), 49.95
SNAKE RIVER RIESLING, 10.95
SNAKE RIVER STAMPEDE 1915 (REGIONAL - OR), 38.95
SOUTHERN COMFORT 100, 14.95
SOUTHERN COMFORT 70, 11.95
SPEYBURN BRADAN ORACH SINGLE MALT, TPR
SQUARE ONE BERGAMOT (LOCAL - ID), 27.95
SQUARE ONE BOTANICAL NEUTRAL SPIRIT (LOCAL - ID), 27.95
ST. ELDER BLOOD ORANGE, 21.95
STAGG SINGLE BARREL BARREL SELECT (PSB), 61.95
STAGG STRAIGHT BOURBON, 59.95
STEIN DISTILLERY STRAIGHT RAM RYE WHISKEY, 40.45
STILLHOUSE BLACK BOURBON, 29.95
STRANAHAN'S BLUE PEAK SINGLE MALT KENTUKY BOURBON, 44.95
STRANAHAN'S COLORADO WHISKEY, 56.95
STRANAHAN'S DIAMOND PEAK CASK FINISHED COLORADO, 79.95
STRANAHAN'S SINGLE BARREL CASK STRENGTH (PSB), 56.95
STROH 160 RUM, 32.95
SUNTORY 12YR YAMAZAKI BLENDED WHISKY, 189.95
TALISKER DISTILLERS EDITION, 89.95
TAMNAVULIN SPEYSIDE SINGLE MALT, 39.95
TAP MAPLE RYE WHISKEY, 30.95
TARANTULA AZUL, 19.95
TEMPLETON 6YR RYE WHISKEY, 37.95
TEMPLETON 6YR SINGLE BARREL RYE (PSB), 54.95
TEMPLETON FORTITUDE BOURBON, 39.95
TEMPLETON RYE 10YR RESERVE, 89.95
TEMPLETON RYE BARREL STRENGTH, 64.95
TEMPLETON STRAIGHT RYE WHISKEY, 34.95
TEN HIGH BOURBON, 9.95
TERRITORY WHISKEY PECAN CINNAMON BOURBON BOURBON, 38.95
TEXAS STRAIGHT BOURBON, 42.95
TEXAS WHISKEY, 34.95
THOMAS H. HANDY SAZERAC STRAIGHT RYE (ANTIQUE), 149.95
TIN CUP 10YR AMERICAN WHISKEY, 49.95
TIN CUP FOURTEENER 14YR WHISKEY, 69.95
TIN CUP RYE WHISKEY, 27.95
TIN CUP WHISKEY, 27.95
TIPPY COW SHAMROCK MINT RUM CREAM, 19.95
TIPPY COW VANILLA SOFT SERVE RUM CREAM, 19.95
TRAILS END BOURBON WHISKEY (REGIONAL - OR), 38.95
TRAVELLER WHISKEY BLEND NO 40, 34.95
UNCLE NEAREST 1856 PREMIUM WHISKEY, 56.95
UNCLE NEAREST 1884 SMALL BATCH, 41.95
UNCLE NEAREST SINGLE BARREL WHISKEY (PSB), 89.95
UNCLE NEAREST STRAIGHT RYE WHISKEY, 56.95
VAN WINKLE FAMILY RESERVE RYE 13YR (PAPPY), 199.95
VAN WINKLE SPECIAL RESERVE 12YR BOURBON (PAPPY), 149.95
WARFIELD HOUSE MADEIRA FINISHED AMERICAN WHISKEY, 8.95
WARFIELD HOUSE THE LOCAL AMERICAN WHISKEY (LOCAL -, 8.95
WARFIELD ORGANIC HOUSE AMERICAN WHISKEY (LOCAL - ID), 8.95
WARFIELD ORGANIC SINGLE MALT WHISKEY (LOCAL - ID), 74.95
WARFIELD THE LOCAL AMERICAN WHISKEY (LOCAL - ID), 37.95
WATHEN'S SINGLE BARREL BOURBON, 49.45
WELLER 114 FULL PROOF WHEATED BOURBON, 58.95
WELLER 12YR WHEATED BOURBON, 42.95
WELLER 7YR SPECIAL RESERVE WHEATED BOURBON, 27.95
WELLER 7YR SPECIAL RESERVE WHEATED BOURBON(PSB), 29.95
WELLER ANTIQUE 107 PROOF WHEATED BOURBON, 58.95
WELLER ANTIQUE 107 PROOF WHEATED BOURBON (PSB), 60.95
WELLER CYPB WHEATED BOURBON, 55.95
WELLER FULL PROOF WHEATED SINGLE BARREL(PSB), 66.95
WELLER MILLENNIUM BLEND STRAIGHT WHISKEY, 7499.95
WELLER SINGLE BARREL WHEATED BOURBON, 55.95
WESTWARD PINOT NOIR CASK WHISKEY, 84.95
WESTWARD WHISKEY STOUT CASK, 79.45
WHISTLEPIG 10YR RYE, 89.95
WHISTLEPIG 10YR RYE (PSB), 99.95
WHISTLEPIG 12YR RYE, 159.95
WHISTLEPIG 15YR RYE, 299.95
WHISTLEPIG 18YR DOUBLE MALT, 399.95
WHISTLEPIG 25YR SINGLE MALT WHISKEY, 1999.95
WHISTLEPIG BEHOLDEN 21YR SINGLE MALT, 899.95
WHISTLEPIG BOSS HOG X THE COMMANDMENTS, 599.95
WHISTLEPIG BOSS HOG XI THE JUGGERNAUT, 599.95
WHISTLEPIG CAMPSTOCK WHEAT WHISKEY, 72.95
WHISTLEPIG FARMSTOCK BEYOND BONDED BOURBON, 109.95
WHISTLEPIG FARMSTOCK BEYOND BONDED RYE, 109.95
WHISTLEPIG PIGGYBACK 6YR BBN LEGENDS SERIES, 49.95
WHISTLEPIG PIGGYBACK 6YR RYE, 44.95
WHISTLEPIG PIGGYBACK 6YR RYE LEGENDS SERIES, 49.95
WHISTLEPIG PIGGYBACK 6YR RYE SINGLE BARREL (PSB), 59.95
WHISTLEPIG PIGGYBACK 6YR RYE W/PIG POUR SPOUT, 44.95
WHISTLEPIG PIGGYBACK 6YR STRAIGHT BOURBON, 44.95
WHISTLEPIG SUMMERSTOCK WHISKEY, 72.95
WIDOW JANE 10YR STRAIGHT BOURBON WHISKEY, 79.95
WIDOW JANE APPLE WOOD RYE WHISKEY, 49.95
WIDOW JANE BABY JANE, TPR
WIDOW JANE DECADENCE BOURBON, 99.95
WIDOW JANE LUCKY THIRTEEN, 124.95
WIDOW JANE PARADIGM RYE WHISKEY, 49.95
WILD TURKEY 101 PROOF BOURBON, 27.95
WILD TURKEY 101 RYE WHISKEY, 29.95
WILD TURKEY 81 PROOF BOURBON, 23.95
WILD TURKEY AMERICAN HONEY BOURBON, 22.95
WILD TURKEY AMERICAN HONEY STING BOURBON, 21.95
WILD TURKEY JIMMY RUSSELL 70TH ANNIVERSARY, 49.95
WILD TURKEY KENTUCKY SPIRIT, 62.95
WILD TURKEY LONGBRANCH BOURBON, 38.95
WILD TURKEY MASTER'S KEEP TRIUMPH RYE WHISKEY, 299.95
WILD TURKEY RARE BREED BOURBON, 46.95
WILD TURKEY RUSSELL'S RESERVE 10YR BOURBON, 44.95
WILD TURKEY RUSSELL'S RESERVE 15YR BOURBON, 249.95
WILDERNESS TRAIL WHEAT STRAIGHT BOURBON BOTTLED IN, 54.95
WILLETT FAMILY ESTATE SMALL BATCH 4YR RYE, 66.95
WILLETT JOHNNY DRUM PRIVATE STOCK BOURBON, 46.45
WILLETT POT STILL RESERVE SMALL BATCH BOURBON, 55.45
WILLIAM LARUE WELLER (ANTIQUE), 149.95
WILLIE'S BIGHORN BOURBON (REGIONAL - MT), 49.95
WILLIE'S CATTLE DOG WHISKY (REGIONAL - MT), 27.95
WILLIE'S DEVIL'S BRIGADE WHISKEY (REGIONAL - MT), 54.95
WILLIE'S SALTED CARAMEL CREAM LIQEUR, 29.95
WILLIE'S STOCKMAN'S RYE WHISKEY, 54.95
WOLF MOON BOURBON WHISKEY, 29.95
WOODFORD RESERVE BOURBON, 37.95
WOODFORD RESERVE DISTILLER'S SELECT MALT, 39.95
WOODFORD RESERVE DOUBLE OAK (PSB), 74.95
WOODFORD RESERVE DOUBLE OAKED, 54.95
WOODFORD RESERVE RYE, 37.95
WOODFORD RESERVE RYE PERSONAL SELECTION (PSB), 48.95
WOODFORD RESERVE W/MINT JULEP CUP, 37.95
WOODFORD RESERVE W/ROCKS GLASS, 37.95
WOODINVILLE RYE WHISKEY (REGIONAL - WA), 39.95
WOODINVILLE STRAIGHT BOURBON (REGIONAL - WA), 39.95
WORTHY PARK OVERPROOF RUM, 25.95
WYATT EARP BARREL PROOF WHISKY, 109.95
WYATT EARP SMALL BATCH WHISKY, 76.95
WYOMING WHISKEY DOUBLE CASK WHISKEY (REGIONAL -, 69.95
WYOMING WHISKEY NATIONAL PARKS NO.4 (REGIONAL-WY), 79.95
WYOMING WHISKEY OUTRYDER (REGIONAL - WY), 84.95
WYOMING WHISKEY SINGLE BARREL (REGIONAL-WY), 109.95
WYOMING WHISKEY SMALL BATCH (REGIONAL - WY), 44.95
YELLOWSTONE 102 PROOF HAND PICKED (PSB), 49.95
YELLOWSTONE AMERICAN SINGLE MALT WHISKEY, 54.95
YELLOWSTONE LIMITED EDITION 2024, 119.95
YELLOWSTONE RUM CASK FINISH SPECIAL FINISH, 44.95
YELLOWSTONE SELECT KENTUCKY STRAIGHT BOURBON, 39.95
YELLOWSTONE TOASTED STAVES SPECIAL FINISHES, 49.95
YUKON JACK, 15.95
YUKON JACK PERMA FROST, 17.95
